https://en.wikipedia.org/wiki/Semantic_search,Semantic search - Wikipedia,"Semantic search denotes search with meaning, as distinguished from lexical search where the search engine looks for literal matches of the query words or†..."
https://www.searchenginejournal.com/semantic-search-seo/264037/,Semantic Search: What It Is & Why It Matters for SEO Today,29 июл. 2021 г. Ч 
https://towardsdatascience.com/semantic-search-73fa1177548f,Semantic search: what is it? | Towards Data Science,31 мар. 2019 г. Ч 
https://www.searchenginewatch.com/2019/12/16/the-beginners-guide-to-semantic-search/,The beginner's guide to semantic search: Examples and tools,16 дек. 2019 г. Ч 
https://blog.hubspot.com/marketing/semantic-search,What Exactly Is Semantic Search (& How Does it Affect SEO),19 июл. 2021 г. Ч 
https://opensemanticsearch.org/,Open Semantic Search,"Based on a thesaurus the multilingual semantic search engine will find synonyms, hyponyms and aliases, too. Using heuristics for grammar rules like stemming†..."
https://moz.com/blog/what-is-semantic-search,What Is Semantic Search and What Should You Do About It?,14 но€б. 2016 г. Ч 
https://blog.alexa.com/semantic-search/,Semantic Search: What it is and How it Impacts Your SEO,Semantic search refers to the ability of search engines to consider the intent and contextual meaning of search phrases when serving content to users on the web†...
https://www.ontotext.com/knowledgehub/fundamentals/what-is-semantic-search/,What is Semantic Search? | Ontotext Fundamentals,Semantic search is an advanced technology for knowledge discovery that employs a set of semantic technology techniques for retrieving knowledge from richly†...
https://semantic-ui.com/modules/search.html,Search | Semantic UI,A search module allows a user to query for results from a selection of data. ... To disable full text search you can specify in settings fullTextSearch:†...
https://www.semrush.com/blog/semantic-search/,Semantic Search: How It Impacts Your SEO Results - SEMrush,6 окт. 2020 г. Ч 
https://www.sciencedirect.com/topics/computer-science/semantic-search,Semantic Search - an overview | ScienceDirect Topics,Semantic search engines try to bring relevant information together in a comprehensive way. Instead of giving a list of web pages based on the fact that our†...
https://docs.microsoft.com/ru-ru/azure/search/semantic-search-overview,—емантический поиск - Azure Cognitive Search - Microsoft ...,Screenshot of enabling semantic search in the Azure portal. Ѕесплатный план семантического поиска ограничен за 1 000 запросов в мес€ц.
https://www.techopedia.com/definition/23731/semantic-search,What is Semantic Search? - Definition from Techopedia,"Semantic search is a data searching technique in a which a search query aims to not only find keywords, but to determine the intent and contextual meaning†..."
https://www.holisticseo.digital/theoretical-seo/semantic-search/,"Semantic Search: Definition, Explanation and Examples",16 €нв. 2021 г. Ч 
https://docs.cohere.ai/semantic-search/,Semantic Search | Cohere API Documentation,Semantic Search. Language models give computers the ability to search by meaning and go beyond searching by matching keywords. This capability is called†...
https://lucidworks.com/post/what-is-semantic-search/,What Is Semantic Search? - Lucidworks,10 февр. 2021 г. Ч 
https://www.crazyegg.com/blog/everything-about-semantic-search/,Everything You Need To Know About Semantic Search And ...,2 февр. 2016 г. Ч 
https://www.pinecone.io/learn/semantic-search/,Semantic Search: Measuring Meaning From Jaccard to Bert,"Semantic Search: Measuring Meaning From Jaccard to Bert ... Similarity search is one of the fastest-growing domains in AI and machine learning. At its core, it is†..."
https://www.sitesearch360.com/the-ultimate-guide-to-semantic-search/,The ultimate guide to semantic search,"What is semantic search? ... In a nutshell, semantics is the study of what words mean, how they relate to each other, and where they appear. It goes deeper than†..."
https://www.theleverageway.com/blog/google-semantic-search/,What is Google's Semantic Search? - Leverage Marketing,18 ма€ 2016 г. Ч 
https://www.scibite.com/solutions/semantic-search/,Semantic Search and Data Intelligence | SciBite,"Semantic search, visualise results, integrate into your existing platforms and automate your workflows. SciBite's next-generation scientific search."
https://www.sbert.net/examples/applications/semantic-search/README.html,Semantic Search Ч Sentence-Transformers documentation,"For asymmetric semantic search, you usually have a short query (like a question or some keywords) and you want to find a longer paragraph answering the query."
https://www.biomax.com/products/ailani-for-semantic-integration-and-search/,AILANI for Semantic Integration and Search - Biomax ...,"AILANI combines semantic modelling, ontologies, linguistics and Artificial Intelligence (AI) algorithms. The results are based on interrelated meanings of facts†..."
https://www.cortical.io/technology/semantic-search/,Semantic Search Technology | Cortical.io,An application that uses our meaning-based algorithm to resolve ambiguity and vocabulary mismatch issues. Cortical.io Semantic Search is a search system†...
https://www.ebossrecruitment.com/features/semantic-search/,SEMANTIC SEARCH | eBoss Recruitment Software,"Semantic research for recruitment. Improve the speed and accuracy of every candidate placement with advanced semantic search tools for recruiters, by eBoss."
https://ahrefs.com/blog/ru/semantic-search/,„то такое семантический поиск и как он вли€ет на SEO?,10 авг. 2020 г. Ч 
https://beta.openai.com/docs/guides/search,Search - OpenAI API,"The Search endpoint (/search) allows you to do a semantic search over a set of documents. This means that you can provide a query, such as a natural†..."
https://www.inbenta.com/en/products/search/,Semantic Search Engine that Understands Meaning - Inbenta,Eliminate your visitors' need to search through multiple webpages thanks to Inbenta semantic search engine powered by Symbolic AI and NLP.
https://www.poolparty.biz/semantic-search/,Semantic Search - Solutions w,"A semantic search engine combines data from multiple sources, linking structured with unstructured data to create 360-degree views to gain insights that help†..."
https://www.fosteropenscience.eu/content/tutorial-using-alvis-search-engine-semantic-search-about-bacterial-biotopes,Using Alvis Search Engine for semantic search about bacterial ...,This document help the use of the Alvis Search Engine. This semantic search engine queries terms in PubMed abstracts about bacterial biotopes.
https://habr.com/ru/post/428674/,Building client routing / semantic search at Profi.ru - posts in a ...,3 но€б. 2018 г. Ч 
https://content.iospress.com/articles/information-services-and-use/isu190045,What is Semantic Search? And why is it important? - IOS Press,автор: RT Kasenchak Ј 2019 Ј ÷итируетс€: 1 Ч 
https://www.stardog.com/use-cases/semantic-search-for-the-enterprise/,Use Cases - Semantic Search For The Enterprise | Stardog,"Read more about how Stardog's true semantic search for the enterprise saves you time and increases productivity by fewer, more relevant results."
https://www.mesoc-project.eu/resources/semantic-search-engine,Semantic Search Engine | MESOC,The Semantic search engine is an IT tool facilitating the bottom up generation of semantic relations resulting from the analysis of documents collected from†...
https://www.marscrowd.com/blog/text/introducing-what-happens-in-semantic-search-using-nlp/,Introducing Semantic Search Using NLP | MarsCrowd,17 авг. 2021 г. Ч 
https://www.xenonstack.com/blog/semantic-search-engine,Semantic Search Engine with Ontology and Machine learning,"The documents are returned based on the most number of matches of the query words with documents. In semantic search, we take care of the†..."
https://www.earley.com/insights/what-semantic-search,What is Semantic Search? - Earley Information Science,Semantics is the study of meaning. A semantic search seeks to improve search accuracy by understanding searcher intent and the contextual meaning of terms.
https://www.igi-global.com/dictionary/semantic-search/26363,What is Semantic Search | IGI Global,What is Semantic Search? Definition of Semantic Search: A search technology that uses semantics to understand the search intent and the context meaning of a†...
https://www.amazon.science/publications/semantic-product-search,Semantic product search - Amazon Science,"We study the problem of semantic matching in product search, that is, given a customer query, retrieve all semantically related products from the catalog."
https://www.textkernel.com/solution/search/,Semantic search and talent sourcing - Textkernel,Easily find the most relevant jobs and candidates. Add this powerful semantic search technology to your job or CV database and increase your value.
https://www.rightsdirect.com/limitations-keyword-search/,The Limitations of Keyword Research vs Semantic Search,"Unlike keyword search, semantic search takes into consideration the researcher's intent to get at the contextual meaning of terms. Semantic search pushes beyond†..."
https://ru.glosbe.com/en/ru/semantic%20search,"semantic search, перевод на русский, примеры предложений","(Apache License 2.0) SemanticMiner includes the OntoBroker reasoner to perform ontology-based semantic search. (RDFSharp, Apache License 2.0) SemanticMiner†..."
https://analyticsindiamag.com/guide-to-real-time-semantic-search/,Guide To Real-Time Semantic Search - Analytics India ...,8 июл. 2021 г. Ч 
https://github.com/opensemanticsearch/open-semantic-search,opensemanticsearch/open-semantic-search - GitHub,"Open Source research tool to search, browse, analyze and explore large document collections by Semantic Search Engine and Open Source Text Mining & Text†..."
https://www.algolia.com/products/search-and-discovery/answers/,Leverage the power of ML-driven semantic search | Algolia,"Give users relevant results fast, no matter how they search, with Algolia Answers, an ML-driven semantic search that employs human-like understanding of†..."
https://medium.com/mlearning-ai/semantic-search-with-s-bert-is-all-you-need-951bc710e160,Semantic Search with S-BERT is all you need - Medium,4 июн. 2021 г. Ч 
http://ceur-ws.org/Vol-228/4.pdf,Squiggle: a Semantic Search Engine for indexing and retrieval ...,автор: I Celino Ј ÷итируетс€: 52 Ч 
https://arxiv.org/abs/2106.01686,AliCG: Fine-grained and Evolvable Conceptual Graph ... - arXiv,автор: N Zhang Ј 2021 Ј ÷итируетс€: 15 Ч 
https://www.celi.it/en/products/sophia-semantic-search/,Sophia Search: semantic search engine - CELI,Sophia Search is a search engine based on ontology. It is specialised in semantic analysis for the interpretation of information from texts and in the†...
https://www.oncrawl.com/technical-seo/creating-semantic-content-networks-with-query-document-templates-case-study/,Creating Semantic Content Networks with Query and ...,11 €нв. 2022 г. Ч 
https://www.highspot.com/resource/highspot-in-action-search/,Semantic Search | Highspot in Action Video - Highspot,Get an overview of how Highspot's advanced semantic search capabilities help you find the right content in this Highspot in Action video.
https://www.semantic-mediawiki.org/wiki/Help:Semantic_search,Semantic search,5 но€б. 2018 г. Ч 
https://wordlift.io/blog/en/semantic-search/,"What is Semantic Search, and how does it work? - WordLift Blog",Semantic Search helps you surface the most relevant results for your users based on search intent and not just keywords. Semantic (or Neural) Search uses state†...
https://www.semanticscholar.org/,Semantic Scholar | AI-Powered Research Tool,"Our API now includes paper search, better documentation, and increased stability. Join hundreds of other developers and start building your scholarly app today."
https://taiger.com/products/omnitive-search/,Unlock answers with a semantic search engine - TAIGER,"A single web interface makes it effortless to find answers across different libraries of data. Type in any query, and Omnitive Search will understand it†..."
https://www.tensorflow.org/hub/tutorials/cross_lingual_similarity_with_tf_hub_multilingual_universal_encoder,Cross-Lingual Similarity and Semantic Search Engine with ...,23 февр. 2022 г. Ч 
https://www.smartinsights.com/search-engine-optimisation-seo/seo-strategy/semantic-search-what-seos-content-marketers-need-to-know/,Semantic Search: What SEOs and Content Marketers Need to ...,10 сент. 2019 г. Ч 
https://zir-ai.com/,ZIR Semantic Search,The AI-powered platform for text search. Harness the power of advanced neural networks to search your textual data with unrivaled accuracy.
https://ip.com/blog/semantic-search-ip-patent-discovery/,Unlock the Power of Semantic Patent Search - IP.com,29 мар. 2021 г. Ч 
https://dl.acm.org/doi/10.1145/775152.775250,Semantic search | Proceedings of the 12th international ...,автор: R Guha Ј 2003 Ј ÷итируетс€: 1143 Ч 
https://psycnet.apa.org/record/2017-28620-029,Semantic search during divergent thinking. - APA PsycNET,автор: RW Hass Ј 2017 Ј ÷итируетс€: 67 Ч 
https://www.seobility.net/en/wiki/Semantic_Search,What is Semantic Search and why is it important? - Seobility Wiki,"Semantic search helps search engines like Google to better understand the meaning of a query and display more precise results. To understand its scope,†..."
https://www.smartlogic.com/what-we-do/semantic-search,Semantic Search / Smartlogic Semaphore,"The combination enables semantic intelligence Ц the foundation of a smarter search experience. Our Approach. Semaphore leverages the model, AI, machine learning†..."
https://ubitech.eu/solutions/semantic-search/,Semantic Search - UBITECH,"ubi:indexer Digital Documents Reverse Indexing and Semantic Search. ubi:indexer is a multilingual, scalable, linguistic and semantic-based search engine for†..."
https://www.hbs.edu/faculty/Pages/item.aspx?num=56485,Twiggle: E-commerce with Semantic Search - Case - Harvard ...,"Four years after being founded, in 2014, by former Google executives Amir Konigsberg (CEO) and Adi Avidor (CTO), Twiggle had developed a search enhancement†..."
https://www.researchgate.net/publication/262635559_New_Framework_for_Semantic_Search_Engine,New Framework for Semantic Search Engine - ResearchGate,"The purpose of this work is to investigate some relevant issues on querying the semantic web in a context of semantic search engines, and propose a framework†..."
https://twitter.com/opensemsearch,Open Semantic Search (@OpenSemSearch) / Twitter,"Semantic #search engine (#opensource) to search & analyze document sets, archives & news (exploratory search, #textmining, #nlp, #annotation, #ocr, #ddj,†..."
https://www.dialog-21.ru/media/2015/voskresenskiy.pdf,—–≈ƒ—“¬ј —≈ћјЌ“»„≈— ќ√ќ ѕќ»— ј1 SEMANTIC ...,автор: ј ѕуанкаре Ч 
https://libeldoc.bsuir.by/handle/123456789/12026,Applying of Ontological Technology of Semantic Search in E ...,автор: AY Gladun Ј 2017 Ј ÷итируетс€: 1 Ч 
https://seranking.com/blog/semantic-seo/,Semantic SEO: What it is and how it can boost your rankings,30 июл. 2021 г. Ч 
https://m.mage.ai/building-a-semantic-search-engine-with-dual-space-word-embeddings-f5a596eb6d90,Building a semantic search engine with dual space word ...,26 ма€ 2021 г. Ч 
https://link.springer.com/10.1007%2F978-3-540-92913-0_16,Semantic Web Search Engines | SpringerLink,"Semantic Search extends this conventional scenario by adding some semantic components to better exploit the intended meaning of the keywords, as well as the†..."
https://azati.ai/how-to-build-semantic-search-engine/,What Is A Semantic Search Engine And How To Build One?,10 апр. 2020 г. Ч 
https://www.microfocus.com/ru-ru/products/semantic-search/overview,»нструменты семантического поиска - Micro Focus,Find software security issues early and fix at the speed of DevOps. Deployment Automation. Automate deployments for continuous delivery.
https://pubmed.ncbi.nlm.nih.gov/33846532/,COVID-19 information retrieval with deep-learning based ...,автор: A Esteva Ј 2021 Ј ÷итируетс€: 16 Ч 
https://gofishdigital.com/blog/what-is-semantic-seo/,What is Semantic SEO? - Go Fish Digital,18 мар. 2021 г. Ч 
https://academic.oup.com/bioinformatics/article/35/10/1799/5134063,Thalia: semantic search engine for biomedical abstracts,автор: AJ Soto Ј 2019 Ј ÷итируетс€: 32 Ч 
https://blogs.perficient.com/2017/06/21/semantic-search-and-seo-everything-you-need-to-know/,Semantic Search and SEO: Everything You Need to Know,21 июн. 2017 г. Ч 
https://www.cs.ox.ac.uk/people/thomas.lukasiewicz/ssw11.pdf,Ontology-Based Semantic Search on the Web - University of ...,автор: T Lukasiewicz Ј ÷итируетс€: 5 Ч 
https://blog.devgenius.io/semantic-search-with-vector-database-4d80398d1e3f,Semantic search with vector database | by Xin Cheng - Dev ...,"Recently I heard of Уvector databaseФ a lot. After doing some research, I found that it is related to Уsemantic searchФ. Let's understand these concepts and†..."
https://babelscape.com/semantic-paths,Semantic Paths - Babelscape,"Search, correlate and monitor knowledge, people and entities. Semantic Paths brings together the power of Babelscape's neuro-symbolic multilingual text†..."
https://www.frontiersin.org/articles/10.3389/fnhum.2019.00341/full,Searching for Semantic Knowledge: A Vector ... - Frontiers,автор: RA Cutler Ј 2019 Ј ÷итируетс€: 7 Ч 
https://www.wikiwand.com/en/Semantic_search,Semantic search - Wikiwand,"Semantic search denotes search with meaning, as distinguished from lexical search where the search engine looks for literal matches of the query words or†..."
https://www.seobythesea.com/category/semantic-search/,Semantic SEO - SEO by the Sea,"Search on the Web has been evolving to focus more on showing results that find things, instead of strings, or matching keywords within queries to keywords on†..."
https://blog.streamlit.io/finding-your-look-alikes-with-semantic-search/,Finding your look-alikes with semantic search - Streamlit Blog,1 дек. 2021 г. Ч 
https://metaphacts.com/images/PDFs/publications/KESW2016-Requirements-to-modern-semantic-search-engines.pdf,Requirements to Modern Semantic Search Engines,автор: R Usbeck Ј ÷итируетс€: 5 Ч 
https://www.orbitmedia.com/blog/semantic-seo/,Semantic SEO: How to Future-Proof Your Search Rankings,How to use semantic SEO to future-proof your search engine rankings. Here are 5 ways to indicate relevance and show the meaning of your content to Google.
https://www.hillwebcreations.com/benefits-semantic-search-brings-digital-marketing/,Benefits That Semantic Search Brings to Digital Marketing,Semantic search refers to the capability of search engines to decipher the intent and contextual meaning of search phrases when serving content to people using†...
https://www.iam-media.com/how-semantic-searchautomated-patent-analysis-tools-can-save-researchers-time,How semantic search/automated patent analysis tools can ...,11 но€б. 2020 г. Ч 
https://www.manning.com/liveproject/implement-semantic-search-with-ml-and-bert,Implement Semantic Search with ML and BERT - Manning ...,You'll implement BERT (Bidirectional Encoder Representations from Transformers) to create a semantic search engine. BERT excels in many traditional NLP†...
https://github.blog/2018-09-18-towards-natural-language-semantic-code-search/,Towards Natural Language Semantic Code Search - The ...,18 сент. 2018 г. Ч 
https://support.atlassian.com/bitbucket-cloud/docs/search-in-bitbucket-cloud/,Search in Bitbucket Cloud - Atlassian Support,File or path search. Files can be found just by searching their filename or parts of the path. Using the path in your search only supports exact matches of†...
http://semantic-pace.net/,Parliamentary Assembly,Current search. All documents. result(s) 1 to 10 of 35080. 08/04/2022†...
https://www.link-assistant.com/news/semantic-search-optimization.html,4 Ways to Optimize for Semantic Search in 2018 - SEO ...,7 авг. 2018 г. Ч 
